{"Recipe Name": "Kale Pesto Basil Wraps", "Action": ["speed blend", "combine", "blend", "add", "pulse", "combine", "thicken", "blending", "divide", "evenly spread", "insert", "dehydrate", "rotating", "do", "flip", "dehydrate", "pressed", "dehydra", "remove", "leave", "fill", "peel", "combine", "mix", "add", "massage", "continue", "massage", "set aside", "blend", "peel", "place", "positioned", "spread", "place", "follow", "drizzle", "roll up", "squeezing", "tucking", "cut", "serve", "served", "stored"]}
{"Recipe Name": "Southwest Kale Salad with Cumin-Tomato Dressing", "Action": ["combine", "blend well", "scraping", "add", "add", "taste", "adjust", "finely chop", "place", "add", "pour", "toss gently", "combine", "sprinkle"]}
{"Recipe Name": "Chickpea Chili", "Action": ["add", "cook", "medium heat", "stir", "cook", "add", "cook", "stirring", "stir", "continue", "cook", "medium heat", "lower heat", "simmer", "cook", "remove", "serve"]}
{"Recipe Name": "Jicama Mango Salad", "Action": ["mix", "season", "add", "toss", "serve", "garnish"]}
{"Recipe Name": "Quinoa and Vegetable Stew", "Action": ["add", "bring", "boil", "lower", "heat", "cover", "simmer", "cooking", "add", "saute", "add", "simmer", "stir", "cook", "add", "stir together", "cover", "cook", "remove", "serve garnished"]}
{"Recipe Name": "Ultimate Sauce", "Action": ["preheat", "place", "lined", "bake", "combine", "blend", "intermittent", "adding", "serve", "refrigerate"]}
{"Recipe Name": "Cauliflower Bisque", "Action": ["add", "cook", "release", "add", "puree", "transfer", "blend", "add"]}
{"Recipe Name": "Cinnamon Roll Oatmeal", "Action": ["make", "combine", "blend", "pour", "cook", "make", "combine", "blend", "divide", "top", "garnish"]}
{"Recipe Name": "Rainbow Root Veggie Stew", "Action": ["chop", "wash", "rinse", "place", "pour", "give", "quick stir", "make", "cooking", "cover", "turn", "pressure cook", "turn", "release", "remove", "stove", "bring", "boil", "reduce heat", "simmer", "stirring", "add", "serve"]}
{"Recipe Name": "Lentil–Quinoa Tacos", "Action": ["rinse", "combine", "rinse", "combine", "bring", "boil", "reduce", "heat", "simmer", "set", "aside", "rinse", "add", "pulse", "create", "saute", "cook", "combine", "stir together", "reheat", "serve"]}
{"Recipe Name": "Sweet Potato Mac N' Cheese", "Action": ["roast", "combine", "process", "pour", "cook", "medium heat", "stir", "serve"]}
{"Recipe Name": "Sweet and Smoky Dressing", "Action": ["combine", "blend", "store"]}
{"Recipe Name": "Plant-Based Zucchini Lasagna", "Action": ["preheat", "carefully slice", "make", "place", "bake", "takes", "combine", "cook", "drain", "add", "cook down", "wil", "remove", "cooled", "squeeze", "add", "process", "set aside", "combine", "blend", "set aside", "layer", "repeat", "process", "pour", "bake", "remove", "allow", "cool", "slicing"]}
{"Recipe Name": "Chocolate–Cherry Nice Cream", "Action": ["combine", "process", "add", "pulse", "process", "serve", "freeze"]}
{"Recipe Name": "Peach and Papaya Salad", "Action": ["wash", "prep", "add", "top", "sprinkle", "toss", "serve", "enjoy"]}
{"Recipe Name": "Sensational Tahini–Dill Dressing", "Action": ["place", "blend", "store"]}
{"Recipe Name": "Turmeric Tofu Scramble", "Action": ["remove", "press out", "break", "add", "heat", "medium heat", "add", "saute", "adding", "add", "saute", "add", "cook", "serve"]}
{"Recipe Name": "Lemon Cheesecake", "Action": ["place", "process", "process", "add", "process", "add", "process", "press", "set", "aside", "discard", "rinse", "set aside", "place", "blend", "add", "blend", "add", "blend", "start", "increase", "turns", "wait", "pour", "place", "freeze", "remove", "cut", "enjoy"]}
{"Recipe Name": "Summer Fun Salad", "Action": ["wash", "chop", "add", "add", "sprinkle", "toss", "serve", "enjoy"]}
{"Recipe Name": "Raspberry Power Balls", "Action": ["combine", "process", "roll", "place", "freeze", "enjoy"]}
{"Recipe Name": "Jicama Nachos", "Action": ["preheat", "line", "use", "slice", "place", "add", "toss gently", "coat", "sprinkle", "toss gently", "coat", "arrange", "bake", "remove", "turn", "return", "bake", "baking", "combine", "process", "scraping", "transfer", "heat gently", "low heat", "stirring", "taste", "adjust", "add", "keep warm", "warm", "set aside", "evenly divide", "spread", "spoon", "top", "drizzle", "top", "serve"]}
{"Recipe Name": "Strawberry Salad", "Action": ["wash", "clean", "chop", "add", "toss gently", "add", "toss", "serve"]}
{"Recipe Name": "Cauliflower Power Salad", "Action": ["break", "pulse", "avoid", "processing", "add", "repeat", "add", "shred", "add", "place", "thaw", "running", "add", "pour", "stir gently", "add", "serve", "enjoy"]}
{"Recipe Name": "Mango-Raspberry Chia Pudding", "Action": ["combine", "blend", "add", "stir", "pour", "cover", "refrigerate", "serve"]}
{"Recipe Name": "Mango Lime Tart", "Action": ["fitted", "process", "add", "process", "add", "add", "press", "combine", "blend", "pour", "sprinkle", "cover", "refrigerate", "firm", "slicing", "serving", "enjoying"]}
{"Recipe Name": "Korean Soy Milk Noodles", "Action": ["boil", "drain", "combine", "blend", "chill", "serve", "heat", "ladle", "top"]}
{"Recipe Name": "Marinated Tempeh and Vegetables", "Action": ["combine", "stir together", "shake", "add", "cover completely", "allow", "marinate", "pour", "add", "add", "bring", "boil", "high heat", "layer", "cover", "reduce", "heat", "simmer", "add", "cover", "continue cooking", "add", "cover", "cook", "uncover", "cook", "reduce", "adjust", "heat", "stir", "cook", "serve"]}
{"Recipe Name": "Nut Cheese", "Action": ["soak", "drain", "combine", "blend", "pour", "cook", "medium heat", "stirring", "let", "cool"]}
{"Recipe Name": "Ginger Carrot Soup", "Action": ["heat", "medium heat", "add", "cook", "softened", "stirring", "add", "cook", "stirring", "stir", "lower", "heat", "simmer", "cover", "cook", "ladle", "add", "stir", "add", "working", "transfer", "blend", "taste", "adjust", "return", "heat", "serve", "ladle", "top"]}
{"Recipe Name": "Chickpea-Cauliflower Scramble", "Action": ["heat", "medium heat", "add", "cover", "cook", "tender", "add", "cover", "cook", "stirring", "stir", "cover", "cook", "cooking", "mash", "add", "cover", "cook", "stirring", "heated", "top", "serve"]}
{"Recipe Name": "Chakalaka", "Action": ["dice", "saute", "translucent", "add", "add", "stir", "add", "cover", "let", "simmer", "add", "stir through", "serve warm"]}
{"Recipe Name": "Three-Bean Soup with Turmeric and Lentils", "Action": ["heat", "medium heat", "add", "cook", "soften", "stir", "add", "bring", "boil", "lower", "heat", "simmer", "add", "cover", "cook", "add", "continue", "cook", "taste", "adjust", "serve"]}
{"Recipe Name": "Cheesy Broccoli Soup", "Action": ["heat", "medium heat", "add", "cook", "add", "bring", "boil", "lower", "heat", "low", "simmer", "transfer", "blend", "transfer", "add", "bring", "boil", "add", "lower", "heat", "simmer", "cook", "combine", "add", "thin", "process", "taste", "adjust", "stir", "heat", "heat"]}
{"Recipe Name": "Groatnola", "Action": ["preheat", "bring", "boil", "lower", "heat", "simmer", "add", "cover", "simmer", "add", "mash", "add", "continue mashing", "add", "stir", "line", "spread", "bake", "allow", "cool", "store"]}
{"Recipe Name": "Quinoa Kitchari", "Action": ["soak", "cover", "drain", "rinse", "combine", "bring", "boil", "medium", "high heat", "lower", "heat", "simmer", "cook", "stirring", "stir", "cook", "stir", "cook", "stirring", "heat", "remove", "allow", "sit", "blend", "taste", "adjust", "stir", "top", "serve"]}
{"Recipe Name": "Bok Choy Tofu Stir Fry", "Action": ["add", "set", "high", "use", "let", "open", "drain off", "combine", "stir together", "add", "pour", "serve", "serve", "pair", "enjoy"]}
{"Recipe Name": "Sweet Potato Taquitos", "Action": ["boil", "drain", "mash", "feel", "add", "saute", "add", "cook", "stir", "combine", "stir", "preheat", "place", "spread", "roll", "place", "lined", "repeat", "process", "bake", "prepare", "thin", "drizzle", "use", "top", "enjoy"]}
{"Recipe Name": "Overnight Oats", "Action": ["place", "gently mix", "cover", "refrigerate", "remove", "top", "top", "stir", "enjoy", "take"]}
{"Recipe Name": "Hearty Veggie Soup", "Action": ["wash", "prep", "saute", "add", "cook", "add", "cook", "add", "add", "bring", "boil", "cook"]}
{"Recipe Name": "Baked Grain Loaf with Umami Gravy", "Action": ["preheat", "line", "come", "combine", "pulse", "min", "add", "process", "add", "combine", "transfer", "press", "smooth out", "bake", "check", "cover", "make", "combine", "bring", "boil", "lower", "heat", "simmer", "stir", "cover", "simmer", "transfer", "blend", "return", "taste", "adjust", "keep warm", "stirring", "remove", "uncover", "let stand", "slicing", "run", "loosen", "grasp", "lift", "slice", "top", "serve"]}
{"Recipe Name": "Brownie Sandwich Cookies", "Action": ["preheat", "fill", "add", "cover", "let", "soak", "preparing", "place", "add", "process", "divide", "lined", "bake", "remove", "let", "cool", "combine", "add", "add", "sandwich", "enjoy"]}
{"Recipe Name": "Red Beans and Quinoa", "Action": ["heat", "medium heat", "saute", "add", "stir", "simmer", "cook", "serve", "enjoy"]}
{"Recipe Name": "Berry Banana Oatmeal Bowl", "Action": ["bring", "boil", "add", "lower", "heat", "cook", "add", "stir", "remove", "top", "add", "enjoy"]}
{"Recipe Name": "Lentil Soup", "Action": ["heat", "medium heat", "add", "cook", "add", "cook", "soften", "add", "add", "bring", "boil", "partly cover", "reduce", "heat", "low", "cook", "stir", "feel", "add", "stir", "discard", "enjoy"]}
{"Recipe Name": "Champurrado", "Action": ["bring", "boil", "add", "cook", "high heat", "add", "reduce", "heat", "medium", "cook", "soft", "combine", "add", "stir", "cook", "add", "serve"]}
{"Recipe Name": "Sheet Pan Meals", "Action": ["preheat", "prepare", "line", "add", "toss", "roast", "turn", "serve", "top", "enjoy"]}
{"Recipe Name": "Caramel Cocoa Bites", "Action": ["combine", "process", "add", "add", "roll", "roll", "coat", "freeze", "store"]}
{"Recipe Name": "Cinnamon Baked Apples", "Action": ["preheat", "wash", "chop", "set aside", "place", "combine", "blend", "add", "blend", "pour", "stir", "bake", "top", "store"]}
{"Recipe Name": "Fruit and Nut Bars", "Action": ["blend", "adjust", "process", "mixed", "line", "add", "spread", "out", "try", "make", "place", "allow", "set", "slice", "store"]}
{"Recipe Name": "Southwest Quinoa Stew", "Action": ["boil", "seasoning", "covered", "add", "simmer", "add", "cook", "adjust", "add"]}
{"Recipe Name": "Cumin-Roasted Carrots with Chickpeas and Tomatoes", "Action": ["preheat", "line", "spread", "spritz", "sprinkle", "roast", "remove", "scatter", "return", "continue", "roast", "serve", "sprinkle", "serve"]}
{"Recipe Name": "Gemelli with Zucchini Meatballs and Avocado Chimichurri", "Action": ["combine", "pulse", "add", "pulse", "transfer", "add", "stir together", "hold", "pinched", "add", "absorb", "preheat", "line", "scoop", "use", "roll", "arrange", "bake", "combine", "pulse", "combine", "set aside", "cook", "drain", "return", "add", "toss", "combine", "divide", "top"]}
{"Recipe Name": "Rainbow Salad", "Action": ["preheat", "line", "place", "bake", "stir", "cook", "wash", "chop", "mix", "whisk", "pour", "toss", "add", "serve", "wait", "enjoy"]}
{"Recipe Name": "Garden Veggie Tempeh Scramble", "Action": ["cut", "steam", "remove", "let", "cool", "handling", "mix", "set aside", "combine", "set aside", "saute", "softened", "crumble", "add", "stir", "combine", "add", "stir", "cook", "low heat", "stirring", "add", "sticking", "add", "stir", "combine", "mix", "cook", "serve"]}
{"Recipe Name": "Stone Fruit Bowls", "Action": ["combine", "mix", "set aside", "combine", "process", "divide", "cover", "refrigerate", "combine", "toss gently", "combine", "spoon", "serve"]}
{"Recipe Name": "Mango Blueberry Smoothie", "Action": ["add", "blend", "enjoy"]}
{"Recipe Name": "Pre-Workout Smoothie", "Action": ["combine", "blend", "add", "drink"]}
{"Recipe Name": "Oatmeal Cookie Dough Bites", "Action": ["add", "process", "add", "process", "add", "start", "add", "continue", "process", "spread", "sprinkle", "fold", "incorporated", "roll", "place", "enjoy", "transfer", "set"]}
{"Recipe Name": "Banana Oat Cookies", "Action": ["preheat", "mash", "pulse", "break", "blend", "stir", "form", "line", "scoop out", "press down", "flatten", "bake"]}
{"Recipe Name": "Super-Charged Spice Blend", "Action": ["combine", "mix", "pulverize", "transfer", "store", "cool"]}
{"Recipe Name": "Barley Tabbouli Salad with Tahini Drizzle", "Action": ["cook", "drain off", "set aside", "cool", "place", "add", "set aside", "combine", "mix", "pour", "mix", "combine", "cover", "set aside", "blend", "serving", "refrigerate", "combine", "blend", "add", "spoon", "lined", "drizzle", "sprinkle"]}
{"Recipe Name": "Curried Chickpea Wraps", "Action": ["combine", "blend", "process", "add", "pulse", "combine", "break", "taste", "adjust", "assemble", "divide", "top", "tightly roll up", "cut", "serve"]}
{"Recipe Name": "Yellow Split Pea Dal with Watercress", "Action": ["cover", "soak", "drain", "transfer", "bring", "boil", "lower", "heat", "simmer", "cook", "adding", "add", "stirring", "wilt", "keep warm", "low heat", "heat", "medium heat", "add", "cook", "softened", "remove", "add", "stirring", "mix", "add", "stirring", "combine", "serve"]}
{"Recipe Name": "Black Bean and Plantain Bowls with Mango Pico", "Action": ["heat", "place", "lined", "sprinkle", "bake", "flipping", "meanwhile", "combine", "heat", "warm", "add", "combine", "massage", "set aside", "make", "combining", "serve", "split", "top", "enjoy"]}
{"Recipe Name": "Buckwheat Soba & Edamame with Almond Butter Sauce", "Action": ["combine", "blend", "set aside", "cook", "adding", "cook", "drain", "run", "transfer", "add", "stir", "tossing", "coat", "taste", "adjust", "sprinkle", "serve"]}
{"Recipe Name": "Cottage Pie with Sweet Potato Mash", "Action": ["place", "cover", "bring", "boil", "cook", "drain", "return", "stir", "mash", "set aside", "preheat", "heat", "medium heat", "add", "cook", "softened", "stir", "lower", "heat", "stir", "cook", "stir", "transfer", "set aside", "heat", "medium heat", "add", "cook", "stirring", "transfer", "add", "blend", "blend", "taste", "adjust", "pour", "stirring", "combine", "spread", "smoothing", "cover", "bake", "serve"]}
{"Recipe Name": "Szechuan Tempeh and Broccoli", "Action": ["place", "steamer", "steam", "set aside", "pour", "mix", "add", "stir", "turn", "coat", "allow", "marinate", "combine", "whisk", "shake", "blend", "set aside", "cover", "refrigerate", "prepare", "heat", "medium", "high heat", "add", "stir - fry", "brown", "remove", "set aside", "place", "steam", "set aside", "add", "reheat", "medium", "high heat", "add", "stir", "fry", "add", "stir - fry", "return", "add", "stir", "fry", "combine", "stir", "shake", "add", "cook", "stir", "frying", "coats", "serve"]}
{"Recipe Name": "Tart and Tangy Cran-Chocolate Pomegranate BROL Bowl", "Action": ["combine", "adjust", "enjoy"]}
{"Recipe Name": "Cauliflower Alfredo Linguine with Roasted Asparagus", "Action": ["heat", "medium", "high heat", "add", "cook", "soften", "add", "cook", "add", "bring", "boil", "lower", "heat", "simmer", "cover", "cook", "transfer", "blend", "add", "blend", "pour", "keep warm", "low heat", "preheat", "line", "arrange", "roast", "cook", "stirring", "drain", "return", "add", "heat", "tossing", "combine", "serve", "divide", "serve", "topped"]}
{"Recipe Name": "Baked Apples with Walnuts and Goji Berries", "Action": ["preheat", "place", "add", "pulse", "set aside", "peel", "rub", "stuff", "rearrange", "pour", "cover", "bake", "serve"]}
{"Recipe Name": "Corn Chowder", "Action": ["heat", "medium heat", "add", "cover", "cook", "stirring", "stir", "bring", "boil", "lower", "heat", "low", "stir", "simmer", "scoop", "add", "blend", "stir", "add", "taste", "adjust", "puree", "add", "heat", "serve sprinkled", "serve"]}
{"Recipe Name": "Ribollita with White Beans and Kale", "Action": ["heat", "medium heat", "add", "cover", "cook", "stirring", "add", "bring", "boil", "lower", "heat", "simmer", "continue", "cook", "remove", "discard", "stir", "serve"]}
{"Recipe Name": "Umami Sauce Redux", "Action": ["heat", "medium heat", "add", "simmer", "stir", "bring", "boil", "lower", "heat", "low", "simmer", "remove", "stir", "blend", "taste", "adjust", "allow", "cool", "transfer", "ring", "keep", "pour", "freeze"]}
{"Recipe Name": "Roasted Kabocha with Kale-Cranberry Stuffing", "Action": ["preheat", "line", "cut", "scrape", "discard", "set aside", "heat", "medium heat", "add", "cook", "stir", "remove", "stir", "spoon", "transfer", "bake", "cover", "pierced", "return", "bake", "pierced", "serve", "cut", "enjoy"]}
{"Recipe Name": "BROL Bowl with Sautéed Greens", "Action": ["heat", "medium heat", "add", "cook", "stirring", "stir", "cook", "stirring", "drain", "serve", "spoon", "sprinkle", "top", "serve"]}
{"Recipe Name": "Light Vegetable Broth", "Action": ["heat", "medium heat", "add", "cook", "stir", "add", "bring", "boil", "lower", "heat", "low", "simmer", "remove", "let cool", "remove", "discard", "transfer", "blend", "strain", "pressing", "release", "ladle", "add", "stir", "incorporating", "let", "cool", "dividing", "storing"]}
{"Recipe Name": "Basic BROL (Barley, Rye, Oats, and Lentils)", "Action": ["pressure", "cook", "allow", "remove", "set aside", "combine", "stir", "pressure cook", "use", "add", "toss", "combine", "portion", "freeze"]}
{"Recipe Name": "Baked Purple Sweet Potato Fries", "Action": ["preheat", "wash", "carefully cut", "line", "place", "drizzle", "sprinkle", "stir", "bake", "turning"]}
{"Recipe Name": "Pumpkin Pie Smoothie", "Action": ["combine", "blend", "taste", "adjust"]}
{"Recipe Name": "Pumpkin Pie Custard", "Action": ["preheat", "combine", "blend", "taste", "adjust", "pour", "bake", "combine", "blend", "top", "sprinkle", "enjoy"]}
{"Recipe Name": "Soba Noodle Soup", "Action": ["prepare", "set aside", "add", "bring", "boil", "add", "cook", "pour", "top"]}
{"Recipe Name": "Fudgy No-Bake Brownies", "Action": ["grind", "add", "process", "add", "pulse", "mix", "transfer", "line", "remove", "use", "press", "place", "press", "pressed", "sprinkle", "pressing", "cover", "refrigerate", "cutting"]}
{"Recipe Name": "Veggie Mac & Cheese", "Action": ["prepare", "set aside", "saute", "use", "combine", "blend", "add", "pour", "stir", "cook", "warm", "serve"]}
{"Recipe Name": "Easy Veggie Tacos", "Action": ["add", "blend", "set aside", "boil", "soak", "drain", "rinse", "proceed", "add", "turn heat", "add", "saute", "warm", "dab", "microwave", "personalize"]}
{"Recipe Name": "Unfried Refried Beans", "Action": ["cook", "rinse", "transfer", "heat", "use", "mash", "add", "mix", "add", "mix"]}
{"Recipe Name": "Fresh Guacamole", "Action": ["mash", "add", "mix", "add", "mix"]}
{"Recipe Name": "Cashew Cream", "Action": ["add", "blend", "boil", "soak", "drain", "rinse", "proceed"]}
{"Recipe Name": "Simple Salsa", "Action": ["roughly chop", "transfer", "process", "add", "cook", "medium heat", "let cool", "move", "chill", "set", "serving"]}
{"Recipe Name": "Three-Bean Chili", "Action": ["heat", "medium heat", "add", "cook", "stirring", "add", "stir", "add", "simmer", "stirring", "taste", "adjust", "serve"]}
{"Recipe Name": "Baked Onion Rings", "Action": ["preheat", "line", "set aside", "separate", "transfer", "set aside", "combine", "stir", "blend", "combine", "mix", "line up", "dip", "coating", "transfer", "tossing", "coat", "use", "sprinkle", "place", "repeat", "arranging", "use", "bake", "remove", "carefully turn", "bake", "serve"]}
{"Recipe Name": "Buffalo Cauliflower with Ranch Dressing", "Action": ["preheat", "line", "set aside", "combine", "stream", "whisk", "add", "turning", "coat", "arrange", "bake", "turning", "pour", "remove", "gently toss", "return", "bake", "allow", "cool", "serving"]}
{"Recipe Name": "Portobellos & Greens on Toast", "Action": ["heat", "medium", "high heat", "add", "stir", "fry", "softened", "add", "cook", "stirring", "wilt", "add", "add", "stirring", "blend", "cook", "thicken", "keep warm", "toast", "toast", "cut", "arrange", "top", "sprinkle", "serve", "add", "serve"]}
{"Recipe Name": "Harissa", "Action": ["place", "cover", "set aside", "drain", "stir", "low heat", "transfer", "add", "process", "add"]}
{"Recipe Name": "Lemon-Ginger Cooler", "Action": ["combine", "bring", "boil", "remove", "heat", "add", "set aside", "sweeten", "refrigerate", "serve", "add"]}
{"Recipe Name": "Ranch Dressing", "Action": ["combine", "blend", "transfer", "stir", "taste", "adjust", "cover", "refrigerate", "develop", "stir", "shake"]}
{"Recipe Name": "Roasted Garlic", "Action": ["preheat", "use", "cut", "expose", "wrap", "place", "cut", "place", "roast", "arrange", "place", "cover", "bake", "remove", "uncover", "let", "cool", "cool", "gently squeeze", "allowing", "slip", "covered", "baked", "enjoy", "store"]}
{"Recipe Name": "Date Syrup", "Action": ["combine", "set aside", "soften", "transfer", "add", "blend", "transfer", "store"]}
{"Recipe Name": "Vegetable Broth", "Action": ["heat", "medium heat", "add", "cook", "stir", "add", "bring", "boil", "reduce", "heat", "low", "simmer", "let cool", "transfer", "blend", "return", "ladle", "add", "stir", "incorporating", "add", "let", "cool", "divide", "store", "stored", "keep", "make", "buy"]}
{"Recipe Name": "Umami Sauce", "Action": ["heat", "medium heat", "add", "simmer", "stir", "bring", "boil", "reduce", "heat", "low", "simmer", "remove", "stir", "taste", "adjust", "allow", "cool", "transferring", "pouring", "freezing", "promoting"]}
{"Recipe Name": "Spicy Ginger Vegetable Soup", "Action": ["combine", "bring", "boil", "reduce", "heat", "low", "cover", "simmer", "remove", "bring", "boil", "add", "reduce", "heat", "low", "cook", "stir", "simmer", "garnish", "serve"]}
{"Recipe Name": "Vegetable Stacks With Tomato–Red Pepper Coulis", "Action": ["preheat", "line", "arrange", "bake", "turning", "remove", "set aside", "cool", "remove", "arrange", "bake", "turn", "place", "roast", "set aside", "cool", "arrange", "removed", "roast", "set aside", "cool", "lower", "assemble", "leave", "gill", "top", "cover", "bake", "make", "heat", "medium heat", "add", "cover", "cook", "stir", "cover", "cook", "transfer", "puree", "keep warm", "heat", "use", "remove", "place", "top", "surround", "serve", "cut", "reserve"]}
{"Recipe Name": "Chickpea & Vegetable Tagine", "Action": ["heat", "medium heat", "add", "cover", "cook", "stir", "add", "bring", "boil", "reduce", "heat", "low", "cover", "simmer", "stir", "cook", "taste", "adjust", "serve"]}
{"Recipe Name": "Balsamic Date Glaze", "Action": ["soften", "soaking", "combine", "blend", "transfer", "bring", "boil", "reduce", "heat", "simmer", "stirring"]}
{"Recipe Name": "Stuffed Sweet Potatoes with Balsamic Date Glaze", "Action": ["preheat", "place", "lined", "prick", "bake", "transfer", "allow", "cool", "cut", "scoop out", "leaving", "add", "mix", "spoon", "return", "oven", "heat", "sprinkle", "drizzle", "add", "serve"]}
{"Recipe Name": "Smoky Black-Eyed Peas & Collards", "Action": ["cook", "drain", "reserving", "coarsely chop", "set aside", "heat", "medium heat", "add", "cover", "cook", "stir", "simmer", "heat", "combine", "serve"]}
{"Recipe Name": "Healthy Hot Sauce", "Action": ["combine", "high heat", "cook", "stirring", "lower", "heat", "medium", "add", "continue", "cook", "stirring", "remove", "let", "come", "transfer", "process", "add", "process", "blend", "taste", "add", "transfer", "secure", "keep refrigerated", "stored", "be", "handling", "touch"]}
{"Recipe Name": "Super Salad With Garlic Caesar Dressing & Hemp Hearts", "Action": ["combine", "blend", "taste", "adjust", "set aside", "combine", "toss lightly", "serve"]}
{"Recipe Name": "Morning Grain Bowls", "Action": ["combine", "mix well", "microwave", "divide", "top", "drizzle"]}
{"Recipe Name": "Edamame Guacamole", "Action": ["cook", "drain", "set aside", "cool", "combine", "process", "transfer", "fold", "serve"]}
{"Recipe Name": "Berry Chocolate Chia Pudding", "Action": ["scoop out", "place", "add", "blend", "pour", "whisk", "cover", "refrigerate", "divide", "garnish", "refrigerate"]}
{"Recipe Name": "Strawberry-Banana Nice Cream", "Action": ["combine", "blend", "add", "pulse", "mix", "leaving", "transfer", "freeze", "scoop", "let", "stand", "keep", "make"]}
{"Recipe Name": "Black Bean Burgers", "Action": ["preheat", "pulse", "add", "pulse", "add", "pulse", "mix", "pinch", "test", "add", "add", "transfer", "divide", "shape", "transfer", "refrigerate", "line", "arrange", "bake", "turning", "serve"]}
{"Recipe Name": "V-12 Vegetable Blast", "Action": ["combine", "blend", "transfer", "serve", "check"]}
{"Recipe Name": "Almond Milk", "Action": ["combine", "blend", "transfer", "chill", "shake"]}
{"Recipe Name": "Savory Spice Blend", "Action": ["combine", "mix", "pulverize", "transfer", "store"]}
{"Recipe Name": "Nutty Parm", "Action": ["combine", "process", "transfer", "shake", "keep refrigerated", "substitute"]}
{"Recipe Name": "Roasted Vegetable Lasagna", "Action": ["preheat", "line", "arrange", "sprinkle", "place", "roast", "turning", "roast", "cook", "drain", "set aside", "remove", "set aside", "cool", "lower", "transfer", "pulse", "place", "add", "mix", "assemble", "spread", "top", "cover", "topped", "add", "topped", "cover", "repeat", "layer", "sprinkle", "cover", "remove", "let stand", "cutting"]}
