{"Almond Milk": {"Food Entities": []}, "BROL Bowl with Sautéed Greens": {"Food Entities": [" Vegetable Broth", " finely chopped", " red onion", " garlic clove", " small carrot", " white miso paste", " Tuscan kale", " Basic BROL", " nutritional yeast", " Ground black pepper", " Lemon wedges"]}, "Baked Apples with Walnuts and Goji Berries": {"Food Entities": [" goji berries", " chopped walnuts", " Date Syrup", " ground cinnamon", " large", " fresh lemon juice"]}, "Baked Grain Loaf with Umami Gravy": {"Food Entities": [" red onion", " garlic clove", " walnut pieces", " barley groats", "ats", " cooked", " red quinoa", " cooked brown lentils", " tahini", " nutritional yeast", " ground flaxseeds", " minced fresh parsley", " white miso paste", " smoked paprika", " dried thyme", " dried sage", " ground black pepper", " Light Vegetable Broth", " shallots", " garlic cloves", " chopped cremini mushrooms", " Umami Sauce Redux", " nutritional yeast", " white miso paste", " salt-free tomato paste", " balsamic vinegar", " dried thyme", " onion powder", " dried sage", " ground black pepper", " cooked black beans"]}, "Baked Onion Rings": {"Food Entities": [" large", " red onion", " oat flour", " chickpea flour", " Almond Milk", " rice vinegar", " cornmeal", " bread crumbs", " nutritional yeast", " Savory Spice Blend", " smoked paprika"]}, "Baked Purple Sweet Potato Fries": {"Food Entities": [" purple sweet potatoes", " apple cider vinegar", " Savory Spice Blend"]}, "Balsamic Date Glaze": {"Food Entities": [" pitted dates", " balsamic vinegar"]}, "Banana Oat Cookies": {"Food Entities": [" rolled", " oats", " frozen blueberries", " cinnamon"]}, "Barley Tabbouli Salad with Tahini Drizzle": {"Food Entities": [" hull", "ed barley", " ripe Roma tomatoes", " English cucumber", " Tet", " Pak salt", " chickpeas", " bunches parsley", " chopped fresh mint", " scallions", " fresh lemon juice", " white miso paste", " garlic powder", " ground cumin", " Spice Blend", " garlic clove", " tahini", " fresh lemon juice", " white miso paste", " ground cumin", " mesclun greens", " Coarsely ground black cumin"]}, "Basic BROL (Barley, Rye, Oats, and Lentils)": {"Food Entities": [" dried black lentils", " hulled barley", " rye berries", " oat groats"]}, "Berry Banana Oatmeal Bowl": {"Food Entities": [" unsweetened soymilk", " old fashioned rolled oats", " ground flaxseed", " cinnamon", " banana", " berries", " crushed walnuts"]}, "Berry Chocolate Chia Pudding": {"Food Entities": [" ripe", " avocado", " strawberries", " blueberries", " unsweetened cocoa powder", " almond butter", " Date Syrup", " Almond Milk", " chia seeds", " berries"]}, "Black Bean Burgers": {"Food Entities": [" rolled oats", " walnut pieces", " fresh turmeric", " red onion", " mushrooms", " salt", " black beans", " t", "ahini", " almond butter", " ground flaxseeds", " nutritional yeast", " fresh parsley", " white miso paste", " onion powder", " garlic powder", " smoked paprika", " Savory Spice Blend"]}, "Black Bean and Plantain Bowls with Mango Pico": {"Food Entities": [" large", " plantain", " cinnamon", " cooked", " black beans", " garlic powder", " cumin", " cooked", " quinoa", " shredded kale", " lime", " mango", " lime", " red bell pepper", " chopped red onion", " cumin"]}, "Bok Choy Tofu Stir Fry": {"Food Entities": [" tofu", " b", "ok choy", " button mushrooms", " summer squash", " water", " cloves garlic", " ground turmeric", " garlic powder", " finely diced ginger", " miso", " lime juice", " date syrup", " water", " scallions", " cashews", " black sesame seeds", " black cumin seeds"]}, "Brownie Sandwich Cookies": {"Food Entities": [" dates", " cooked", " black beans", " oats", " uns", "ened cocoa powder", " raw nut or seed butter", " vanilla extract", " date syrup", " raw nut or seed butter", " uns", "ened soy milk", " water", " uns", "ened cocoa powder"]}, "Buckwheat Soba & Edamame with Almond Butter Sauce": {"Food Entities": [" almond butter", " garlic clove", " minced fresh ginger", " Umami Sauce", " red pepper flakes", " lime juice", " white miso paste", " soba noodles", " frozen shelled edamame", " red bell pepper", " carrot", " scallions", " raw sesame seeds"]}, "Buffalo Cauliflower with Ranch Dressing": {"Food Entities": [" chickpea flour", " nutritional yeast", " garlic powder", " Savory Spice Blend", " head cauliflower", " Healthy Hot Sauce", " Ranch Dressing"]}, "Caramel Cocoa Bites": {"Food Entities": [" deg", " dates", " rolled oats", " cinnamon", " unsweetened cocoa powder", " unsweetened shredded coconut", " hemp seeds"]}, "Cashew Cream": {"Food Entities": [" raw", " cashews", " water", " apple cider vinegar", " lemon juice"]}, "Cauliflower Alfredo Linguine with Roasted Asparagus": {"Food Entities": [" yellow onion", " garlic cloves", " head cauliflower", " Light Vegetable Broth", " nutritional yeast", " white miso paste", " fresh lemon juice", " asparagus", " whole-grain", " bean-based linguine", " Nutty Parm", " chopped fresh basil", " coarsely ground black pepper"]}, "Cauliflower Bisque": {"Food Entities": [" head", " cauliflower", " Hannah yams", "alt vegetable broth", " water", " large white onion", " cloves garlic", " dried dill", " salt-free seasoning", " smoked paprika", " chipotle powder", " salt-free stone-ground mustard", " unsweetened soy milk", " nutritional yeast"]}, "Cauliflower Power Salad": {"Food Entities": [" cauliflower", " broccoli", " carrots", " shredded red cabbage", " shelled frozen edamame", " Umami Sauce"]}, "Chakalaka": {"Food Entities": [" onion", " minced ginger", " cloves garlic", " ground turmeric", " ground coriander", " dried thyme", " paprika", " cayenne", " can diced or crushed tomatoes", " salt-free tomato paste", " white miso paste", " grated carrot", " diced cabbage", " diced green pepper", " diced red pepper", " cannellini beans", " black pepper", " nutritional yeast", " minced chili", " Cooked Sweet potatoes"]}, "Champurrado": {"Food Entities": [" water", " cinnamon sticks", " rolled oats", " unsweetened soy milk", " uns", "ened", " cocoa", " cacao powder", " homemade", " Date Syrup"]}, "Cheesy Broccoli Soup": {"Food Entities": [" small yellow onion", " garlic cloves", " celery rib", " Light Vegetable Broth", " small", " broccoli florets", " salt-free cannellini beans", " raw cashews", " piece fresh turmeric", " nutritional yeast", " apple cider vinegar", " white miso paste", " smoked paprika", " Ground black pepper"]}, "Chickpea & Vegetable Tagine": {"Food Entities": [" red onion", " carrot", " green bell pepper", " garlic clove", " fresh ginger", " jarred tomato paste", " ground cinnamon", " ground cumin", " smoked paprika", " turmeric", " cayenne pepper", " vegetable broth", " green beans", " mushrooms", " cooked chickpeas", " fresh cilantro", " parsley", " lemon juice", " raisins", " minced dried apricots"]}, "Chickpea Chili": {"Food Entities": [" onion", " cloves garlic", " red bell peppers", " large", " carrots", " large", " celery ribs", " chopped tomatoes", " ground cumin", " paprika", " ancho chile pepper", " cooked", " chickpeas"]}, "Chickpea-Cauliflower Scramble": {"Food Entities": [" yellow onion", " red", " yellow bell pepper", " grated cauliflower", " mushrooms", " nutritional yeast", " Savory Spice Blend", " ground turmeric", "PA", " Tet", " Pak salt-", " chickpeas", " minced fresh parsley"]}, "Chocolate–Cherry Nice Cream": {"Food Entities": [" frozen bananas", " unsweetened cocoa powder", " ground chia seeds", " vanilla extract", " pitted", " fresh cherries"]}, "Cinnamon Baked Apples": {"Food Entities": [" red apples", " pitted dates", " water", " cinnamon", " walnuts"]}, "Cinnamon Roll Oatmeal": {"Food Entities": [" water", " pitted dates", " cinnamon", " vanilla extract", " powder", " rolled oats", " Raw pecans", " raw cashews", " vanilla extract", " pitted dates", " water"]}, "Corn Chowder": {"Food Entities": [" yellow onion", " celery ribs", " russet potatoes", " nutritional yeast", " smoked paprika", " dried thyme", " black pepper", " Light Vegetable Broth", " frozen corn kernels", " white miso paste", " fresh lemon juice", " fresh parsley", " Salt-Free Hot Sauce"]}, "Cottage Pie with Sweet Potato Mash": {"Food Entities": [" sweet potatoes", " onion powder", " ground black pepper", " small red onion", " carrot", " garlic cloves", " frozen corn kernels", " frozen green peas", " lima beans", " salt", " brown lentils", " Light Vegetable Broth", " mushrooms", " nutritional yeast", " salt-free", " tomato paste", " white miso paste", " minced fresh thyme"]}, "Cumin-Roasted Carrots with Chickpeas and Tomatoes": {"Food Entities": [" carrots", " chickpeas", " apple cider vinegar", " ground cumin", " ground coriander", " ground black pepper", " grape tomatoes", " whole grains", " greens", " chopped fresh parsley", " cilantro"]}, "Curried Chickpea Wraps": {"Food Entities": [" salt", " chickpeas", " curry powder", " lemon juice", " date sugar", " white miso paste", " Savory Spice Blend", " chopped celery", " shredded carrot", " chopped cashews", " raisins", " firm sweet apple", " chopped scallion", " shredded lettuce", " dark leafy greens", " whole-grain tortillas"]}, "Date Syrup": {"Food Entities": [" pitted dates", " lemon juice"]}, "Easy Veggie Tacos": {"Food Entities": [" corn kernels", " diced onion", " chopped mushrooms", " chopped bell peppers", " smoked paprika", " chili powder", " garlic powder", " ground turmeric", " black pepper", " raw cashews", " water", " lemon juice", " apple cider vinegar", " corn tortillas", " salt-free", " shredded lettuce", " sa", "éed veggies", " salt-free guacamole", " salt-free salsa", " pico de gallo", " Cashew Cream", " fresh cilantro", " sliced chili pepper"]}, "Edamame Guacamole": {"Food Entities": [" she", "lled edamame", " avocado", " lime juice", " Savory Spice Blend", " Roma tomato", " fresh cilantro", " red onion", " jalapeño", " ground cumin", " ste", " asparagus", " vegetables"]}, "Fresh Guacamole": {"Food Entities": [" avocados", " chopped cherry tomatoes", " chopped", " red onion", " garlic clove", " lemon juice", " cilantro"]}, "Fruit and Nut Bars": {"Food Entities": [" almonds", " dates", " freeze dried blueberries", " unsweetened dried fruit", " prunes"]}, "Fudgy No-Bake Brownies": {"Food Entities": [" raw walnuts", " dates", " raw almond butter", " unsweetened cocoa powder", " crushed pecans"]}, "Garden Veggie Tempeh Scramble": {"Food Entities": [" tem", "peh", " nutritional yeast", " crushed red pepper", " minced garlic", " ground turmeric", " black pepper", " paprika", " ground cumin", " dried oregano", " white miso paste", " lemon juice", " water", " onion", " bell pepper", " carrots", " tomato", " packed greens", " avocados", " c", "ilantro"]}, "Gemelli with Zucchini Meatballs and Avocado Chimichurri": {"Food Entities": [" salt", " chickpeas", " garlic cloves", " old-fashioned rolled oats", " nutritional yeast", " ground flaxseeds", " ground chia seeds", " fresh lemon juice", " white miso paste", " dried basil", " dried oregano", " onion powder", " ground black pepper", " shredded zucchini", " ripe Hass avocados", " fresh lemon juice", " red wine vinegar", " garlic cloves", " white miso paste", " dried oregano", " red pepper flakes", " ground black pepper", " chopped fresh cilantro", " chopped fresh parsley", " whole-grain", " bean-based gemelli", " pasta"]}, "Ginger Carrot Soup": {"Food Entities": [" yellow onion", " garlic cloves", " carrots", " apple", " grated fresh ginger", " ground black pepper", " Light Vegetable Broth", " white miso paste", " apple cider vinegar", " snipped fresh chives"]}, "Groatnola": {"Food Entities": [" buckwheat groats", " sweet potato", " cinnamon", " pumpkin pie spice", " rolled oats"]}, "Harissa": {"Food Entities": [" hot red chilies", " coriander seeds", " caraway seeds", " c", "umin seeds", " roasted red bell peppers", " garlic cloves", " nutritional yeast", " white miso paste", " Savory Spice Blend"]}, "Healthy Hot Sauce": {"Food Entities": [" fresh", " onion", " garlic", " apple cider vinegar"]}, "Hearty Veggie Soup": {"Food Entities": [" onion", " garlic cloves", " broccoli chopped", " sweet potatoes", " large carrot", " large", " tomatoes", " ginger powder", " black pepper", " ground turmeric", " paprika", " nutritional yeast", " water"]}, "Jicama Mango Salad": {"Food Entities": [" garlic clove", " fresh lemon juice", " chopped", " cilantro", " julienned jicama", " mango", " jalapeno", " minced red onion", " Zest of", " orange", " Orange pieces", " Lemon zest", " Lemon pepper", " Black pepper", " Sliced radishes"]}, "Jicama Nachos": {"Food Entities": [" medium jicama", " fresh lime juice", " nutritional yeast", " onion powder", " garlic powder", " smoked paprika", " raw unsalted cashews", " salt", " mild", " hot green chiles", " nutritional yeast", " apple cider vinegar", " fresh lemon juice", " white miso paste", " smoked paprika", " onion powder", " garlic powder", " ground cumin", " piece fresh turmeric", " salt", " black beans", " Fresh Tomato Salsa", " salt", " salsa", " ripe Hass avocado", " chopped scallion", " minced jalapeño peppers", " chopped fresh cilantro"]}, "Kale Pesto Basil Wraps": {"Food Entities": [" kale", " fresh basil leaves", " jalapeños", " chopped zucchini", " celery ribs", " pitted medjool dates", " hemp seeds", " garlic cloves", " lemon juice", " nutritional yeast", " freshly ground chia seeds", " psyllium husk powder", " lemon juice", " white miso paste", " garlic clove", " onion powder", " mustard powder", " kale", " shredded green cabbage", " shredded Brussels sprouts", " pitted medjool dates", " white miso paste", " fresh basil leaves", " walnuts", " nutritional yeast", " black pepper", " water", " green leaf lettuce", " sliced red onion", " vegetables", " fresh herbs"]}, "Korean Soy Milk Noodles": {"Food Entities": [" dried soybeans", " raw sesame seeds", " raw pine nuts", " miso paste", " buckwheat noodles", " cherry tomatoes", " cucumber"]}, "Lemon Cheesecake": {"Food Entities": [" rolled", " oats", " Medjool dates", " goji berries", " lemon juice", " raw cashews", " young Thai coconuts", " coconut water", " Medjool dates", " lemon zest"]}, "Lemon-Ginger Cooler": {"Food Entities": [" fresh ginger", " lemon juice", " piece cinnamon stick", " Date Syrup", " mint"]}, "Lentil Soup": {"Food Entities": [" dry brown lentils", " garlic cloves", " white onion", " medium potato", " medium carrots", " red bell pepper", " green bell pepper", " z", "ucchini", " bay leaf", " ground turmeric", " ground ginger", " Black pepper", " water", " white miso paste"]}, "Lentil–Quinoa Tacos": {"Food Entities": [" dry green lentils", " dry quinoa", " red onion", " garlic cloves", " nutritional yeast", " dried oregano", " ground cumin", " chili powder", " garlic powder", " Black pepper", " Corn tortillas", " Chopped greens"]}, "Light Vegetable Broth": {"Food Entities": [" red onion", " carrots", " celery ribs", " garlic cloves", " Roma tomatoes", " dried shiitake mushrooms", " piece of", " kombu", " fresh,", " bay leaves", " ground black pepper", " white miso paste", " Gre", " Special Spice Blend"]}, "Mango Blueberry Smoothie": {"Food Entities": [" unsweetened soymilk", " frozen blueberries", " frozen mango", " frozen banana slices", " ground flaxseed", " fresh mint leaves", " amla powder"]}, "Mango Lime Tart": {"Food Entities": [" rolled oats", " lime juice", " lime zest", " frozen mango", " unsweetened dried mango", " raw cashews", " lime juice", " lime zest", " fresh raspberries", " Unsweetened coconut flakes", " Lime zest", " Chopped mint leaves"]}, "Mango-Raspberry Chia Pudding": {"Food Entities": [" raspberries", " diced mango", " ground chia seeds", " diced mango", " fresh raspberries", " unshelled sunflower seeds", " pepitas"]}, "Marinated Tempeh and Vegetables": {"Food Entities": [" Vegetable Broth", " red wine vinegar", " Umami Sauce", " Italian seasoning", " garlic powder", " tempeh", " water", " Vegetable Broth", " spices", " cubed starchy vegetables", " greens", " cooked", " beans", "PA", " Tet", " Pak salt", " beans", " whole grains"]}, "Morning Grain Bowls": {"Food Entities": [" whole grains", " cannellini beans", " Almond Milk", " ground flaxseeds", " turmeric", " fresh ginger", " berries", " ripe banana", " Date Syrup"]}, "Nut Cheese": {"Food Entities": [" cashews", " water", " corn flour", " white miso paste", " lemon juice", " garlic clove"]}, "Nutty Parm": {"Food Entities": [" almonds", " Brazil nuts", " nutritional yeast", " Savory Spice Blend"]}, "Oatmeal Cookie Dough Bites": {"Food Entities": [" rolled", " oats", " cashews", " cinnamon", " vanilla extract", " pitted dates", " water", " raisins"]}, "Overnight Oats": {"Food Entities": [" oats", " water", " cinnamon", " unsweetened soymilk", " fresh berries", " ground flaxseed"]}, "Peach and Papaya Salad": {"Food Entities": [" head", " lettuce", " small papaya", " mangos", " halved tricolor cherry tomatoes", " medium", " peach", " chopped red onion"]}, "Plant-Based Zucchini Lasagna": {"Food Entities": [" zucchini", " mushrooms", " medium", " onions", " large red pepper", " smoked paprika", " onion powder", " bunch  kale", " salt-", " crushed or chopped tomatoes", " salt-free", " tomato paste", " dried basil", " dried oregano", " dried thyme", " raw cashews", " cloves garlic", " water", " nutritional yeast", " lemon juice", " white wine vinegar", " salt-free", " stone-ground mustard"]}, "Portobellos & Greens on Toast": {"Food Entities": [" port", "obello caps", " sc", "allions", " chopped spinach or", " chard", " dried thyme", " smoked paprika", " black pepper", " Umami Sauce", " salt-free", " stone-ground mustard", " Almond Milk", " salt-", " whole grain bread", " chopped fresh parsley"]}, "Pre-Workout Smoothie": {"Food Entities": [" cooked beets", " frozen watermelon", " frozen berries", " frozen cherries", " medjool dates", " amla", " water"]}, "Pumpkin Pie Custard": {"Food Entities": [" pumpkin puree", " silken tofu", " pumpkin pie spice", " pitted dates", " crushed pecans", " walnuts", " water", " raw cashews", " pitted dates", " vanilla extract"]}, "Pumpkin Pie Smoothie": {"Food Entities": [" pumpkin puree", " frozen cranberries", " medjool dates", " pumpkin pie spice", " turmeric powder", " unsweetened soy milk", " ice"]}, "Quinoa Kitchari": {"Food Entities": [" mo", "ong dal", " uncooked", " quinoa", " small-chopped cauliflower", " green peas", " grated fresh ginger", " ground coriander", " ground cumin", " ground turmeric", " white miso paste", " ground black pepper", " chopped fresh cilantro", " lemon"]}, "Quinoa and Vegetable Stew": {"Food Entities": [" quinoa", " mixed chopped vegetables", " turmeric powder", " water", " green", " red chiles", " cumin seeds", " asafoetida", " fenugreek seeds", " BPA", "free", " salt-free diced", " crushed tomatoes", " coriander powder", " cayenne pepper", " garam masala", " unsweetened soymilk", " Fresh cilantro", " parsley"]}, "Rainbow Root Veggie Stew": {"Food Entities": [" large", " yellow", " sweet onion", " garlic cloves", " medium", " sweet potatoes", " cubed beets", " large", " carrots", " celery stalks", " bunch green curly kale", " dry red lentils", " water", "alt vegetable broth", " Black pepper", " Nutritional yeast"]}, "Rainbow Salad": {"Food Entities": [" salt-free", " chickpeas", " salt-", " cannellini beans", " cherry tomatoes", " cucumber", " yellow bell peppers", " red onion", " fresh basil leaves", " fresh minced garlic", " salt free stone-ground mustard", " balsamic vinegar", " apple cider vinegar", " lemon juice", " ground turmeric", " ground pepper"]}, "Ranch Dressing": {"Food Entities": [" raw cashews", " Roasted Garlic", " Almond Milk", " rice vinegar", " lemon juice", " red onion", " Savory Spice Blend", " white miso paste", " date sugar", " minced fresh parsley", " chopped fresh dill"]}, "Raspberry Power Balls": {"Food Entities": [" frozen", " raspberries", " rolled oats", " raw cashews", " medjool dates", " hemp seeds", " raw almond butter"]}, "Red Beans and Quinoa": {"Food Entities": [" lemons", " onion", " large bell pepper", " chopped celery", " salt", " kidney beans", " garlic powder", " dried thyme", " dried oregano", " paprika", " black pepper", " turmeric powder", " cayenne", " no", "alt", " vegetable broth", " water", " Cook", " quinoa"]}, "Ribollita with White Beans and Kale": {"Food Entities": [" red onion", " garlic cloves", " carrots", " Light Vegetable Broth", " celery ribs", " russet potatoes", " savoy cabbage", " tuscan kale", " diced tomatoes", " salt", " cannellini beans", " red pepper flakes", " rosemary", " bay leaf", " nutritional yeast"]}, "Roasted Garlic": {"Food Entities": [" garlic"]}, "Roasted Kabocha with Kale-Cranberry Stuffing": {"Food Entities": [" k", "abocha squash", " chopped red onion", " minced celery", " cranberries", " finely shredded kale", " dark leafy greens", " Umami Sauce Redux", " minced fresh thyme leaves", " minced fresh rosemary leaves", " minced fresh sage leaves", " Ground black pepper", " Basic BROL"]}, "Roasted Vegetable Lasagna": {"Food Entities": [" cauliflower", " z", "ucchini", " eggplant", " red bell pepper", " whole-grain lasagna noodles", " cannellini beans", " nutritional yeast", " minced fresh parsley", " Almond Milk", " lemon juice", " white miso paste", " dried oregano", " dried basil", " garlic powder", " onion powder", " red pepper flakes", " ground black pepper", " marinara sauce", " Nutty Parm"]}, "Savory Spice Blend": {"Food Entities": [" nutritional yeast", " onion powder", " dried parsley", " dried basil", " dried thyme", " garlic powder", " dry mustard", " paprika", " ground turmeric", " celery seeds"]}, "Sensational Tahini–Dill Dressing": {"Food Entities": [" t", "ahini", " lemon juice", " lemon zest", " water", " pitted dates", " dried dill"]}, "Sheet Pan Meals": {"Food Entities": [" sweet potatoes", " cooked", " chickpeas", " diced", " zucchini", " sliced", " Brussels Sprouts", " chopped", " cauliflower", " chopped", " carrots", " medium onion", " sliced cherry or", " grape tomatoes", " lemon juice", " garlic powder", " onion powder", " chipotle powder"]}, "Simple Salsa": {"Food Entities": [" vine", " tomatoes", " serrano pepper", " medium yellow bell pepper", " medium red onion", " garlic clove", " juice", " fresh lemon", " black pepper", " date syrup", " c", "ilantro"]}, "Smoky Black-Eyed Peas & Collards": {"Food Entities": [" fresh collard greens", " red onion", " clove garlic", " smoked paprika", " turmeric", " Savory Spice Blend", " white miso paste", " diced tomatoes", " black eyed peas", " Healthy Hot Sauce"]}, "Soba Noodle Soup": {"Food Entities": [" soba noodles", " salt-free", " vegetable broth", " chopped onion", " white miso paste", " diced tomatoes", " sliced shiitake mushroom", " shredded carrots", " chopped bok choy", " napa cabbage"]}, "Southwest Kale Salad with Cumin-Tomato Dressing": {"Food Entities": [" ripe tomato", " garlic clove", " apple cider vinegar", " nutritional yeast", " ground cumin", " dried oregano", " white miso paste", " Spice Blend", " ground black pepper", " large bunch kale", " salt", " black beans", " small red bell pepper", " frozen", " corn kernels", " ripe Hass avocado", " fresh cilantro", " parsley", " Coarsely ground black cumin"]}, "Southwest Quinoa Stew": {"Food Entities": [" quinoa", " salt-", " vegetable broth", " water", " salt", " southwest/", "ch", "ili seasoning", " sweet potatoes", " frozen corn kernels", " cooked bean", " can diced tomatoes", " fresh tomatoes", " Black pepper", " Dried or", " fresh cilantro"]}, "Spicy Ginger Vegetable Soup": {"Food Entities": [" vegetable broth", " piece lemongrass", " fresh ginger", " garlic clove", " sh", "iitake mushroom caps", " shallots", " b", "ok choy", " napa cabbage", " carrot", " scallions", " lime juice", " cherry", " grape tomatoes", " Healthy Hot Sauce", " Savory Spice Blend", " fresh Thai basil", " c", "ilantro"]}, "Stone Fruit Bowls": {"Food Entities": [" ground", " chia seeds", " diced mango", " fresh lemon juice", " pitted soft dates", " ripe apricots", " ripe plums", " ripe peaches", " nectarines", " pitted cherries"]}, "Strawberry Salad": {"Food Entities": [" romaine lettuce", " arugula", " chopped", " strawberries", " heirloom tomatoes", " blueberries"]}, "Strawberry-Banana Nice Cream": {"Food Entities": [" bananas", " almond butter", " strawberries", " vanilla bean", " vanilla extract"]}, "Stuffed Sweet Potatoes with Balsamic Date Glaze": {"Food Entities": [" sweet potatoes", " green peas", " fresh chives", " scallions", " raw slivered almonds", " Balsamic Date Glaze", " black pepper"]}, "Summer Fun Salad": {"Food Entities": [" head", " lettuce", " small papaya", " mangos", " he", "irloom tomatoes", " frozen wild blueberries", " Chopped green onion"]}, "Super Salad With Garlic Caesar Dressing & Hemp Hearts": {"Food Entities": [" garlic", " nutritional yeast", " almond butter", " lemon juice", " white miso paste", " minced fresh parsley", " salt-free stone-ground mustard", " grated turmeric", " Savory Spice Blend", " romaine lettuce", " watercress", " baby spinach", " cherry", " grape tomatoes", " carrot", " hulled hemp seeds"]}, "Super-Charged Spice Blend": {"Food Entities": [" nutritional yeast", " garlic powder", " onion powder", " dried parsley", " dried basil", " ground thyme", " mustard powder", " paprika", " ground cumin", " ground black cumin", " ground ginger", " ground turmeric", " celery seeds", " ground black pepper"]}, "Sweet Potato Mac N' Cheese": {"Food Entities": [" sweet potato", " garlic cloves", " unsweetened soy milk", " nutritional yeast", " whole-grain pasta", " cooked broccoli"]}, "Sweet Potato Taquitos": {"Food Entities": [" sweet potatoes", " chopped carrots", " garlic", " chopped", " red onion", " cooked black beans", " chili powder", " onion powder", " paprika", " smoked paprika", " ground turmeric", " black pepper", " corn tortillas", " Cashew Cream", " Avocado"]}, "Sweet and Smoky Dressing": {"Food Entities": [" water", " lime juice", " pitted dates", " salt-free stone-ground mustard", " chia seeds", " smoked paprika", " chipotle powder"]}, "Szechuan Tempeh and Broccoli": {"Food Entities": [" tem", "peh", " white miso paste", " apple cider vinegar", " Umami Sauce Redux", " garlic powder", " ground ginger", " cayenne", " Umami Sauce Redux", " blackstrap molasses", " white miso paste", " rice vinegar", " Chinese five-spice powder", " garlic powder", " ground ginger", " red pepper flakes", " broccoli", " red onion", " red bell pepper", " carrot", " garlic cloves", " sliced mushrooms", " scallions", " grated fresh ginger", " Hot cooked whole grains"]}, "Tart and Tangy Cran-Chocolate Pomegranate BROL Bowl": {"Food Entities": [" BROL", " pomegranate seeds", " cranberries", " unsweetened cocoa powder", " ground flaxseed", " raw pumpkin seeds", " chopped raw walnuts", " chocolate vinegar", " date sugar", " date syrup", " uns", "ened soy milk", " chopped mint leaves"]}, "Three-Bean Chili": {"Food Entities": [" Vegetable Broth", " red onion", " bell pepper", " garlic cloves", " small hot chili pepper", " chopped mushrooms", " chili powder", " jarred tomato paste", " diced,", " dried red lentils", " cooked kidney beans", " cooked black beans", " Umami Sauce", " fresh turmeric", " Savory Spice Blend", " smoked paprika", " black pepper"]}, "Three-Bean Soup with Turmeric and Lentils": {"Food Entities": [" red onion", " garlic cloves", " ground turmeric", " ground coriander", " ground cumin", " dried brown lentils", " Vegetable Broth", " salt", " dark red kidney beans", " salt", " chickpeas", " salt", " cannellini beans", " chopped spinach", " chopped fresh parsley", " scallions", " chopped fresh mint", " ground black pepper", " Spice Blend"]}, "Turmeric Tofu Scramble": {"Food Entities": ["irm", " tofu", " ground cumin", " ground turmeric", " garlic powder", " onion powder", " paprika", " black pepper", " chili powder", " onion", " bell pepper", " diced mushrooms", " spinach"]}, "Ultimate Sauce": {"Food Entities": [" B", " salt", " garbanzo beans", " water", " pitted dates", " fresh lime juice", " Lime zest", " rice vinegar", " clove fresh garlic", " minced fresh ginger", " crushed red pepper flakes"]}, "Umami Sauce": {"Food Entities": [" Vegetable Broth", " garlic", " fresh ginger", " blackstrap molasses", " Date Syrup", " jarred tomato paste", " black pepper", " white miso paste", "  water", " lemon juice", " rice vinegar"]}, "Umami Sauce Redux": {"Food Entities": [" Vegetable Broth", " minced garlic", " grated ginger", " blackstrap molasses", " salt-free tomato paste", " ground black pepper", " miso paste", " water", " apple cider vinegar", " fresh lemon juice"]}, "Unfried Refried Beans": {"Food Entities": [" cannellini beans", " small red onion", " garlic power", " turmeric powder", " smoked paprika", " black pepper"]}, "V-12 Vegetable Blast": {"Food Entities": [" spinach", " plum tomatoes", " celery", " red bell pepper", " red onion", " garlic clove", " jalapeño pepper", " lemon juice", " apple", " chlorella", " fresh turmeric", " ice cubes"]}, "Vegetable Broth": {"Food Entities": [" onion", " carrot", " celery ribs", " garlic cloves", " dried mushrooms", " fresh parsley", " black pepper", " white miso paste", " Savory Spice Blend"]}, "Vegetable Stacks With Tomato–Red Pepper Coulis": {"Food Entities": [" large eggplant", " large red onion", " orange", " yellow bell pepper", " large", " portobello mushroom caps", " large ripe tomatoes", " red onion", " plum tomatoes", " roasted red bell peppers", " white miso paste", " dried basil", " dried thyme", " turmeric", " black pepper", " fresh parsley"]}, "Veggie Mac & Cheese": {"Food Entities": [" whole grain", " bean pasta", " chopped kale", " diced tomatoes", " chopped broccoli", " water", " raw cashews", " nutritional yeast", " ground turmeric", " paprika", " chili powder", " garlic powder", " white miso paste", " black pepper", " Nutty Parm"]}, "Yellow Split Pea Dal with Watercress": {"Food Entities": [" dried yellow split peas", " Vegetable Broth", " watercress", " diced petite tomatoes", " chopped fresh cilantro", " garlic cloves", " finely chopped fresh ginger", " small hot green chili", " nutritional yeast", " white miso paste", " ground cumin", " ground coriander", " fresh turmeric", " lemon juice"]}}