{"Kale Pesto Basil Wraps": {"Step 1": [], "Step 2": ["Place a", "on a clean work surface", "positioned like a", "( rather than a square )", "with the side that had been touching the", "over the", "", "then place the", "( if using ) on the bottom half of the", ". Follow with the", "and any other", "as desired."], "Step 3": ["", "squeezing firmly and tucking in the sides as you roll. Cut in half and serve. Any remaining", "can be served as a", "or stored in an air - tight jar for another use."], "Step 4": ["from the", ". Leave the", "on the", "until ready for use. When you ’ re ready to fill the", "", "peel them carefully off the", "."]}, "Southwest Kale Salad with Cumin-Tomato Dressing": {"Step 1": ["on the", "."]}, "Chickpea Chili": {"Step 1": ["", "then the", "and"], "Step 2": [], "Step 3": [], "Step 4": ["and continue to cook over medium heat for about 10 to 15 minutes. Lower heat to a simmer", "then cook for about 30 more minutes. Remove from the heat and serve."]}, "Jicama Mango Salad": {"Step 1": [",", "", "and", "and"], "Step 2": ["", "if desired."]}, "Quinoa and Vegetable Stew": {"Step 1": [",", ","], "Step 2": ["are cooking", "add the remaining ⅓", "of", ",", ",", ",", "", "if using", "and", ",", ",", "", "and", ". Simmer for about 5 minutes."], "Step 3": [], "Step 4": ["and", "together until well - combined. Cover the"], "Step 5": ["."]}, "Ultimate Sauce": {"Step 1": ["to 400°F. Place the", "on a", "or"], "Step 2": [",", ",", ",", "( if using ),", ",", ",", "", "and"], "Step 3": []}, "Cauliflower Bisque": {"Step 1": ["from"], "Step 2": [",", "", "and", "as desired", "until it reaches desired consistency."]}, "Cinnamon Roll Oatmeal": {"Step 1": ["To make the", "", "in a high - speed blender", "combine the", ",", ",", "", "and", ". Cook until the"], "Step 2": [], "Step 3": ["", "top with the", "", "as desired."]}, "Rainbow Root Veggie Stew": {"Step 1": [], "Step 2": ["Place all of the", "or", ". Give the"], "Step 3": [], "Step 4": ["is ready to enjoy", "add"]}, "Lentil–Quinoa Tacos": {"Step 1": [". Bring each to a boil", "then reduce the heat to medium - low and simmer until the", "aside."], "Step 2": [], "Step 3": [], "Step 4": [], "Step 5": ["as desired", "on", "", "and with your favorite"]}, "Sweet Potato Mac N' Cheese": {"Step 1": [], "Step 2": [",", "", "and"], "Step 3": ["", "pour the"], "Step 4": []}, "Sweet and Smoky Dressing": {"Step 1": ["In a high - speed blender", "combine all of the"]}, "Plant-Based Zucchini Lasagna": {"Step 1": ["dish", "layer the", ",", ",", "", "and", ". Repeat this process until all of those", "are used. Then", "pour the"]}, "Chocolate–Cherry Nice Cream": {"Step 1": ["with the", ",", "", "and", ". Process until fairly smooth."], "Step 2": ["", "and pulse them into the mixture. Process until reaching your desired texture. Serve immediately", "or freeze for 4 to 5 hours before enjoying."]}, "Peach and Papaya Salad": {"Step 1": ["to a large bowl. Top with the", ",", ",", "", "and", "on top. Toss lightly", "serve", "and enjoy."]}, "Sensational Tahini–Dill Dressing": {"Step 1": []}, "Turmeric Tofu Scramble": {"Step 1": ["by using a"], "Step 2": ["."], "Step 3": ["In a large pan", "heat a few tablespoons of", "over medium heat. Add the", "for 2 to 3 minutes", "adding more", "for 2 to 3 more minutes. Then", "add the seasoned", "", "and cook for a final 2 to 3 minutes."], "Step 4": []}, "Lemon Cheesecake": {"Step 1": [], "Step 2": [], "Step 3": [], "Step 4": [], "Step 5": ["on top of the"], "Step 6": []}, "Summer Fun Salad": {"Step 1": [], "Step 2": [], "Step 3": [",", ",", "", "and"], "Step 4": []}, "Raspberry Power Balls": {"Step 1": ["in a"], "Step 2": [], "Step 3": []}, "Jicama Nachos": {"Step 1": [], "Step 2": ["among four", "( 110 g ) onto the center of each"], "Step 3": ["", "as desired. Top with", ",", ",", "( if using )", "and"]}, "Strawberry Salad": {"Step 1": [], "Step 2": [], "Step 3": []}, "Cauliflower Power Salad": {"Step 1": ["and pulse in a", "processor until it has a"], "Step 2": ["."], "Step 3": ["."], "Step 4": [], "Step 5": []}, "Mango-Raspberry Chia Pudding": {"Step 1": ["In a high - powered blender", "combine the", "and", "and blend until smooth. Add the", "and", "until evenly distributed. Pour the", "into two", "or"]}, "Mango Lime Tart": {"Step 1": ["( but not the optional", "."], "Step 2": []}, "Korean Soy Milk Noodles": {"Step 1": [], "Step 2": [",", ",", "", "and"], "Step 3": ["", "as desired."], "Step 4": []}, "Marinated Tempeh and Vegetables": {"Step 1": ["In a", "or a reusable", "", "combine the", ".", "together or shake until well combined. Add the", "and cover completely with the", "for 30 minutes or longer."], "Step 2": ["into a large", ". Optional to add any additional"], "Step 3": ["Layer the", "on top of the", ". Cover and reduce the heat to simmer. After about 10 minutes", "add the chopped", ". Cover and cook for 5 minutes."], "Step 4": [], "Step 5": []}, "Nut Cheese": {"Step 1": [], "Step 2": [], "Step 3": [". Cook over medium heat until the", "becomes very thick", "stirring constantly. Let the"]}, "Ginger Carrot Soup": {"Step 1": ["in a large pot over medium heat. Add the", "and cook until softened", "stirring occasionally", "about 5 minutes. Add the", "and cook for 5 minutes longer", "stirring occasion - ally.", ",", ",", ". Lower the heat to a simmer. Cover and cook until the", "are soft", "about 30 minutes."], "Step 2": ["to the", "along with the", "."], "Step 3": ["Working in batches", "transfer the", "to a blender and blend until smooth. Taste and adjust the", "", "if needed. Return the", "."]}, "Chickpea-Cauliflower Scramble": {"Step 1": ["Heat 1 / 4 cup of", "( 60 ml ) in a large skillet over medium heat. Add the", "", "then cover and cook until tender", "about 5 minutes. Add the", "and", ",", "", "", "and", ". Cover and cook for 5 minutes. While the", "are cooking", "mash the", "and add them to the skillet. Cover and cook", "stirring occasionally", "until heated through and any", "is absorbed", "about 5 minutes longer. Top with the", "and any optional", "you prefer ( see head note )", "and serve hot."]}, "Chakalaka": {"Step 1": ["", "as needed."], "Step 2": [",", ",", ",", ",", ",", "", "and", ".", "for a minute. Then add the", ",", ",", ",", ",", ",", "."], "Step 3": [], "Step 4": [",", ",", ".", "."]}, "Three-Bean Soup with Turmeric and Lentils": {"Step 1": ["in a large pot over medium heat. Add the", "and", "and cook for 5 minutes", "to soften.", "in the", ",", ",", "", "and"], "Step 2": ["Lower the heat to a simmer and add the", ",", "", "and", ". Cover and cook until the", "are tender", "30 to 40 minutes. Add the", ",", ",", ",", ",", "", "and", "to taste and continue to cook for 10 minutes. Taste and adjust the", "", "if needed. Serve hot."]}, "Cheesy Broccoli Soup": {"Step 1": ["in a large pot over medium heat. Add the", ",", "", "and"], "Step 2": ["Transfer the", "to a high - powered blender and blend until smooth. Transfer the pureed", "and lower the heat to a simmer. Cook for 3 to 4 minutes", "or until the"], "Step 3": ["In the same blender ( no need to clean it )", "combine 2 tablespoons ( 30 ml ) of", "and the", ",", ",", ",", ",", ",", ",", "", "and", "to taste. Add 1 to 2 cups ( 240 - 480 ml ) of", "to thin the", "", "if necessary. Process until smooth. Taste and adjust the", "", "if needed", "until you reach your desired cheesy taste. Stir the", "into the", "and heat over low heat until hot."]}, "Groatnola": {"Step 1": [], "Step 2": ["In a", ". Cover the"], "Step 3": ["and", "or a", ",", "together until well combined. Add the", "together."], "Step 4": ["of", "and", "", "use 8", ". For smaller", "."], "Step 5": ["or a", "on the"], "Step 6": ["to cool completely. Store the", "in an airtight container or in reusable bags at room temperature for one to two weeks. The"]}, "Quinoa Kitchari": {"Step 1": [], "Step 2": ["In a", "", "combine the", "and", ". Bring to a boil over medium - high heat", "then lower the heat to a low simmer and cook", "stirring occasionally", "for about 20 minutes.", "in the", "", "then cook for 5 minutes longer", "or until the consistency of the"], "Step 3": ["in the", ",", ",", ",", ",", "", "and", ". Cook for 5 minutes longer", "stirring", "to heat through. Remove from the heat and allow to sit for 5 minutes for the flavors to blend. Taste and adjust the", "."]}, "Bok Choy Tofu Stir Fry": {"Step 1": [",", ",", ","], "Step 2": [], "Step 3": ["."], "Step 4": ["or to serve the", "on the side."], "Step 5": [",", "", "and", ".", "", "such as", ",", ","]}, "Sweet Potato Taquitos": {"Step 1": ["for a smoother texture."], "Step 2": [". Add the", "."], "Step 3": ["with the", "."], "Step 4": [], "Step 5": ["on to a", "", "spread it out", "and then roll tightly. Place the seam - side of the", "down on a", "or", "."], "Step 6": [], "Step 7": ["", "if desired. Thin it out a bit to drizzle on top of the", "or use it as a", ". Optional to top with"]}, "Overnight Oats": {"Step 1": [",", "and"], "Step 2": ["", "until reaches desired consistency. Top with fresh", ",", "and", ".", "together and enjoy right away or take it on the go."]}, "Hearty Veggie Soup": {"Step 1": [], "Step 2": [], "Step 3": ["at a time", "as needed", "to keep the"], "Step 4": ["When the", "and", "are soft", "add the"]}, "Baked Grain Loaf with Umami Gravy": {"Step 1": ["When the", "is done", "remove from the oven", "uncover if necessary", "and let stand for 10 minutes before slicing. Run a knife down the long sides of the pan to loosen the", "", "top each", "with the", "", "and serve hot."], "Step 2": [",", "", "and", "in a", "processor and pulse until finely minced. Add all the remaining", "and process until well combined. If the mixture is too wet to hold together", "add more", "", "and combine well."], "Step 3": ["into the prepared", ". Press the"]}, "Brownie Sandwich Cookies": {"Step 1": [], "Step 2": ["and add just enough", "."], "Step 3": [",", ",", ",", "", "and", "along with the", "and process until smooth", "and there aren ' t big chunks of", "."], "Step 4": ["on a"], "Step 5": [], "Step 6": ["and", "- about 2 tablespoons ( 30 - 40 g ) of each. The consistency of", "can vary", "so if the", "is too thick", "add a tiny dash of", "and if it ' s too runny add a little bit of", "."], "Step 7": []}, "Red Beans and Quinoa": {"Step 1": [",", "", "and", "."], "Step 2": ["Once the", "are soft", "add in the", ",", "", "and", ". Stir everything together and simmer for a few minutes. Cook until the"], "Step 3": []}, "Berry Banana Oatmeal Bowl": {"Step 1": [], "Step 2": ["and", "from the heat. Top with", ",", "", "and", ". Add additional"]}, "Lentil Soup": {"Step 1": ["In a big pot", "heat a few tablespoons of", "or", "over medium heat. Once hot", "add the", ",", ",", "", "and", ". Cook for a few minutes", "and then add the", "and", ". Cook until the"], "Step 2": ["", "the", ",", ",", "", "and"], "Step 3": ["Bring the", "and reduce the heat to low. Cook for 45 - 60 minutes or until", "occasionally. Feel free to add more", "until the"], "Step 4": []}, "Champurrado": {"Step 1": [], "Step 2": [], "Step 3": [",", "", "and"], "Step 4": []}, "Sheet Pan Meals": {"Step 1": [], "Step 2": ["or", ". Add the", "and", "."], "Step 3": [], "Step 4": ["and / or", ". Top with", "or a"]}, "Caramel Cocoa Bites": {"Step 1": [",", ",", "", "and", "in a", "- like texture when pinched together. If too dry", "add more", "."], "Step 2": [], "Step 3": []}, "Cinnamon Baked Apples": {"Step 1": [], "Step 2": [], "Step 3": ["In a high speed blender", "combine the", "and the", "( or", ")."], "Step 4": [], "Step 5": []}, "Fruit and Nut Bars": {"Step 1": [], "Step 2": ["and the rest of the", "until mixed together well. It may be helpful to do this in small batches."], "Step 3": ["Line a", "with", "to the pan. Spread - out the", "using the back of a", "or clean hands", "try to make it as even as possible. Place into the fridge to allow it to set. Once ready", "slice the", "into desired sizes ( 10 large"]}, "Southwest Quinoa Stew": {"Step 1": [], "Step 2": [], "Step 3": [",", ",", ",", "and"], "Step 4": [], "Step 5": []}, "Cumin-Roasted Carrots with Chickpeas and Tomatoes": {"Step 1": ["."], "Step 2": ["in a single layer on the prepared", ",", "", "and", ".", "."], "Step 3": ["Then", "remove the"], "Step 4": []}, "Gemelli with Zucchini Meatballs and Avocado Chimichurri": {"Step 1": ["according to package instructions in a pot of", "and toss gently to combine. Divide the", "."], "Step 2": ["."], "Step 3": ["at a time and use your hands to roll the", "on the prepared"]}, "Rainbow Salad": {"Step 1": ["or", ". Place the", "halfway through to help them cook evenly."], "Step 2": [",", "and", "together."], "Step 3": ["."], "Step 4": []}, "Garden Veggie Tempeh Scramble": {"Step 1": [], "Step 2": [",", ",", ",", ",", ","], "Step 3": [","], "Step 4": [], "Step 5": [], "Step 6": ["until well combined. Cook on low heat for 3 - 4 minutes", "stirring occasionally. Add 1 - 2 tablespoons of", "at a time", "as needed", "to keep the", "."], "Step 7": ["and stir to combine. Finally", "mix in the", "and"], "Step 8": [",", "."]}, "Stone Fruit Bowls": {"Step 1": ["and mix well. Set aside for 10 minutes to thicken."], "Step 2": ["In a", ",", ",", "", "and the", "and process until smooth. Divide equally among four small"], "Step 3": [",", ",", "", "and"], "Step 4": []}, "Mango Blueberry Smoothie": {"Step 1": []}, "Pre-Workout Smoothie": {"Step 1": ["."], "Step 2": []}, "Oatmeal Cookie Dough Bites": {"Step 1": [",", "( or", ")", "and", "."], "Step 2": ["together."], "Step 3": ["to the", "processor. Start with 3", "and then add more as needed. Continue to process until the"], "Step 4": [], "Step 5": [". Place the"]}, "Banana Oat Cookies": {"Step 1": [], "Step 2": ["with a"], "Step 3": ["for 10 seconds to break into smaller fragments or blend into", ". This helps the", ". All options work", "but will give the"], "Step 4": [], "Step 5": ["with", "or a", "", "scoop out desired amount of", "and press down gently to flatten into", "."], "Step 6": []}, "Super-Charged Spice Blend": {"Step 1": ["to mix well and pulverize the"]}, "Barley Tabbouli Salad with Tahini Drizzle": {"Step 1": ["."], "Step 2": [",", ",", ",", ",", "", "and"], "Step 3": [",", ",", ",", "to taste. Mix well."], "Step 4": ["over the", "and mix gently to combine. Cover and set aside for 20 minutes to allow the"]}, "Curried Chickpea Wraps": {"Step 1": ["with the", ",", ",", ",", "and the", ",", ",", ",", ",", "", "and", "a bit. Taste and adjust the", "", "if needed."], "Step 2": ["To assemble", "divide the", "evenly onto the", "and top each with the", ". Tightly roll up each of the", "to make a", ". Cut each"]}, "Yellow Split Pea Dal with Watercress": {"Step 1": ["Cover the", "with", "and", "with the", ". Lower the heat to a simmer and cook until the", "are tender", "45 to 60 minutes", "adding a little more", "", "if needed."], "Step 2": ["When the", "are soft", "add the", ",", "", "and", "", "stirring to wilt the"], "Step 3": ["Heat 2 tablespoons of", "in a small skillet over medium heat. Add the", ",", "", "and", ". Cook until softened", "about 1 minute. Remove from the heat and add the", "", ",", ",", ",", ",", "", "and", "", "stirring to mix well. Add the", "", "stirring to combine. Serve hot."]}, "Black Bean and Plantain Bowls with Mango Pico": {"Step 1": [], "Step 2": ["Meanwhile", "combine the", "with the", "and 1"], "Step 3": [], "Step 4": [",", ",", ","], "Step 5": ["between two", "and top with the", ",", ",", "", "and"]}, "Buckwheat Soba & Edamame with Almond Butter Sauce": {"Step 1": [",", ",", ",", ",", ",", ",", "", "and"], "Step 2": ["according to the package directions", "adding the", "to cook with the", "and", ",", "", "and", ". Stir the", "into the", "and", "", "tossing gently to coat. Taste and adjust the", "and serve at room temperature."]}, "Cottage Pie with Sweet Potato Mash": {"Step 1": ["in the", "and", "and"], "Step 2": [], "Step 3": ["Heat 1 / 4 cup of", "in a large skillet over medium heat. Add the", "and", "and cook until softened", "about 7 minutes.", "in the", "and lower the heat to low.", "in the", ",", "", "and", ". Cook until the", "is absorbed", "3 - 5 minutes.", "in the 1 1 / 2 cups of the", "", "then transfer the", "to a shallow"], "Step 4": ["in the same large skillet over medium heat. Add the", ",", "", ",", ",", "", "and", "and cook", "stirring", "for 5 minutes", "or until the", "are soft. Transfer the", "to a blender or food processor", "add the remaining 1 / 2 cup of", "", "and blend until smooth. If the", "is too thick", "blend in up to 1 / 2 cup of additional", ". Taste and adjust the", "", "if needed."], "Step 5": ["over the", "", "stirring to combine. Spread the mashed"]}, "Szechuan Tempeh and Broccoli": {"Step 1": ["Heat a large", "nonstick,", "or", "and", "for 4 to 5 minutes", "to brown all over. Remove the", "from the", "and set aside."], "Step 2": [], "Step 3": ["Add 2 tablespoons of", "and", "for 2 minutes. Add the", ",", ",", ",", ",", "", "and", "", "and", "for 1 to 2 minutes", "or until softened. Return the", "to the skillet", "add the", "", "and", "; then add it to the", " constantly", "until the", "coats the", "and", "", "about 1 minute. Serve over freshly cooked whole", "of choice ( if using )."]}, "Tart and Tangy Cran-Chocolate Pomegranate BROL Bowl": {"Step 1": []}, "Cauliflower Alfredo Linguine with Roasted Asparagus": {"Step 1": ["For the", ": Heat 1 / 2 cup of", "in a large", "over medium - high heat. Add the", "and cook for 4 minutes to soften. Add the", "and cook for 30 seconds. Add the", "and bring to a boil. Lower the heat to a simmer", "cover", "and cook for about 12 minutes", "or until the"], "Step 2": ["Transfer the", "to a high - powered blender and blend on high speed until smooth. Add the", "", ",", "", "and", "and keep warm over very low heat."], "Step 3": ["or", "in a single layer on the prepared"], "Step 4": ["according to package instructions in a pot of", "and", "and heat for a few minutes until hot", "tossing gently to combine."], "Step 5": ["and", "to taste."]}, "Baked Apples with Walnuts and Goji Berries": {"Step 1": [], "Step 2": [",", "", "and"], "Step 3": ["Peel the top third of each", ". Rub the exposed part of the", "with", "and rearrange the"]}, "Corn Chowder": {"Step 1": ["Heat 1 / 4 cup", "in a large pot over medium heat. Add the", ",", "", "and", ". Cover and cook", "stirring occasionally", "for 5 minutes or until softened.", "", ",", ",", ",", "", "and", ". Bring to a boil", "then lower the heat to low", "stir in the", "and simmer for 20 minutes", "or until the"], "Step 2": ["into a high - powered blender", "add the", "", "and blend until smooth. Stir the", "back into the", ". Add the", "", "then taste and adjust the", "", "if needed. If you prefer a thicker", "until hot and serve sprinkled with", "."]}, "Ribollita with White Beans and Kale": {"Step 1": [",", "", "and", "."], "Step 2": [], "Step 3": [",", ",", ",", ",", ","], "Step 4": [], "Step 5": []}, "Umami Sauce Redux": {"Step 1": ["in a small", "and", "and", "for 3 minutes.", "in the", ",", "", "and"], "Step 2": ["Lower the heat to low and simmer for 1 minute. Remove from the heat and then stir in the", ",", "", "and", "", "if needed. Allow the", "into an"]}, "Roasted Kabocha with Kale-Cranberry Stuffing": {"Step 1": ["."], "Step 2": ["off of the", ". With a", "", "scrape out and discard its"], "Step 3": ["in a large skillet over medium heat. Add the", "and", "and cook for 5 minutes.", "in the", ",", ",", ",", ",", ",", "", "and", "to taste. Remove from the heat and stir in the Basic BROL until well combined."], "Step 4": [". Transfer the", "to the prepared", "pan and bake for 1 hour 20 minutes. If the", " is getting too browned", "cover it loosely with", ". The", "is done when it is tender when pierced with a", ". If not", "return the", "to the oven and bake for 15 to 20 minutes longer", "or until the", "is soft and easily pierced with the tip of a", ". To serve", "cut the"]}, "BROL Bowl with Sautéed Greens": {"Step 1": ["in a medium skillet over medium heat. Add the", ",", "", "and", "and cook", "stirring", "until", "and", "and cook", "stirring", "until the", "is wilted and tender", "about 4 minutes. Drain off any remaining", "and", "to taste. Top with the hot", "."]}, "Light Vegetable Broth": {"Step 1": ["over medium heat. Add the", ",", ",", "", "and", "and cook for 5 minutes.", "in the", ",", ",", "( if using ),", ",", "", "and", "and bring to a boil. Lower the heat to low and simmer for 1. 5 hours."], "Step 2": ["Remove from the heat", "let cool slightly", "then remove and discard the", "", "if used. Transfer the", "to a high - powered blender and blend until smooth. Strain the blended", "through a fine - mesh sieve back into the pot or a large bowl", "pressing the", "."], "Step 3": []}, "Basic BROL (Barley, Rye, Oats, and Lentils)": {"Step 1": ["and set aside."], "Step 2": ["", "and"], "Step 3": ["and toss gently to combine. The Basic BROL is now ready to use in recipes. You can also portion and freeze this to use as needed."]}, "Baked Purple Sweet Potato Fries": {"Step 1": [], "Step 2": [], "Step 3": ["Line a", ". Place the", "over the", ". Stir the", "and", "."], "Step 4": []}, "Pumpkin Pie Smoothie": {"Step 1": ["and adjust"]}, "Pumpkin Pie Custard": {"Step 1": [], "Step 2": [",", ",", "", "and", "and", "to your liking."], "Step 3": [], "Step 4": ["", "combine the", ",", ",", "", "and"], "Step 5": []}, "Soba Noodle Soup": {"Step 1": [], "Step 2": [], "Step 3": [",", ",", ",", ",", "", "and"], "Step 4": []}, "Fudgy No-Bake Brownies": {"Step 1": ["and", "in a", "processor until finely ground. Add the", "and process until well mixed. Add the", "and", "to mix well."], "Step 2": ["Transfer the", "to an 8 - inch square", "with", "", "it will make it easier to remove the", ". ) Use your fingers to press the", "evenly into the pan. ( You can place a piece of", "on top of the", "as you press it into the pan to prevent it from sticking to your hands. ) Once the", "are firmly pressed into the", "", "pressing them into the top of the", "."], "Step 3": []}, "Veggie Mac & Cheese": {"Step 1": [], "Step 2": [",", ",", "at a time if needed to keep the", "."], "Step 3": [",", ",", ",", ",", ",", ",", ",", "", "and"], "Step 4": []}, "Easy Veggie Tacos": {"Step 1": [], "Step 2": []}, "Unfried Refried Beans": {"Step 1": ["with a splash of", "for 7 minutes or until soft. You can keep adding", "to stop the"], "Step 2": ["or a", "."], "Step 3": []}, "Fresh Guacamole": {"Step 1": [], "Step 2": [], "Step 3": []}, "Cashew Cream": {"Step 1": [], "Step 2": []}, "Simple Salsa": {"Step 1": ["and transfer to a"], "Step 2": []}, "Three-Bean Chili": {"Step 1": ["In a large pot", "heat 1 cup of the", "over medium heat. Add the", "and", "and cook until softened", "stirring occasionally", "about 5 minutes. Add the", "", "minced", "", "and", "", "then stir in the", "and", ". Add the remaining", "", "and simmer", "stirring occasionally", "until the", "are tender and the flavors are blended", "about 50 minutes. Taste to adjust the", "", "if needed", "and serve hot."]}, "Baked Onion Rings": {"Step 1": ["or", "and set aside. Separate the", "into"], "Step 2": [",", ",", "", "and", "."], "Step 3": [",", ",", "", "and", ". Mix well."], "Step 4": ["In a row", "line up the bowls of", ",", ",", "", "and the prepared", ". Dip an", "into the", "", "coating it all over. Transfer the", "to the", "", "tossing to coat. Use a clean", "dry hand to sprinkle the", "onto the", "as needed. Place the", "on the", "", "arranging the", "in a single layer. Use a second sheet if needed. You should have enough", "and", "."], "Step 5": []}, "Buffalo Cauliflower with Ranch Dressing": {"Step 1": ["with a"], "Step 2": ["In a large bowl", "combine the", ",", ",", ". Stream in ½ cup of", "and whisk until smooth. Add the", "to the", "on the prepared", ". ( Do not let them touch. ) Bake for 15 minutes", "turning halfway through."], "Step 3": ["in a large bowl. When the", "is done", "remove it from the oven and gently toss it in the", ". Return the"]}, "Portobellos & Greens on Toast": {"Step 1": ["Heat 2 tablespoons of", "in a large skillet over medium - high heat. Add the", "and", "until softened. Add the", "and", "and cook", "stirring", "for 1 - 2 minutes to wilt the", ". Add the", ",", "", "and", ". Add the", ",", "", "and", "", "stirring to blend well", "and cook for 1 - 2 minutes longer to thicken slightly."], "Step 2": [". Once the", "in half and arrange them on plates. Top with the"], "Step 3": ["instead of", ". If you prefer", "try", "instead of", ". Likewise", "you can use", "instead of", "."]}, "Harissa": {"Step 1": ["Place the", ". Set aside for 30 minutes ; then drain. In a small skillet", "stir the", ",", "", "and", "over low heat until fragrant", "about 30 seconds."], "Step 2": ["", "roasted", ",", ",", ",", "", "as needed", "to make a smooth", "thick", "."]}, "Lemon-Ginger Cooler": {"Step 1": [], "Step 2": [], "Step 3": ["if you ' re in the mood."]}, "Ranch Dressing": {"Step 1": ["In a high - speed blender", "combine all the", "except the", "and", "", "and blend until smooth. Transfer the", "and", ". Taste and adjust the", "", "if needed. ( The flavor will get stronger as the"], "Step 2": [], "Step 3": []}, "Roasted Garlic": {"Step 1": [], "Step 2": ["Use a sharp knife to cut about 1⁄3 inch off the top of a whole", "to expose the tops of the", ". Wrap the", "dish", "cut side up", "and place in the oven. If roasting more than one head of", "", "arrange them", "cut side up", "in a covered", "in a separate well of a", "and cover with an inverted", "."], "Step 3": [], "Step 4": ["Remove from the oven and uncover to let the", "cool. When the", "is cool to the touch", "gently squeeze each", "individually over a small bowl", "allowing the soft", "roasted"], "Step 5": []}, "Date Syrup": {"Step 1": ["and", "in a heatproof bowl and set aside for 1 hour to soften the", ". Transfer the", "and", "to a high - speed blender. Add the"], "Step 2": []}, "Vegetable Broth": {"Step 1": ["over medium heat. Add the", ",", ",", "", "and", "and cook for 5 minutes.", "in the", ",", "", "and", "and bring to a boil. Reduce the heat to low and simmer for 11⁄2 hours."], "Step 2": ["Let cool slightly and then transfer to a high - speed blender and blend until smooth. Return the blended"], "Step 3": ["Let the", "or", "will keep for up to 5 days in the", "or up to 3 months in the"], "Step 4": ["", "you can buy", "or", "", "available in"]}, "Umami Sauce": {"Step 1": ["Heat the", "in a small", "over medium heat. Add the", "and", "and", "for 3 minutes.", "in the", ",", "", "and", "and bring just to a boil. Reduce the heat to low and simmer for 1 minute. Remove from the heat", "and then stir in the", "", "blended", "", "and", ". Taste and adjust the", "", "if needed."], "Step 2": ["into an", "."], "Step 3": []}, "Spicy Ginger Vegetable Soup": {"Step 1": [",", ",", "", "and", ". Bring to a boil", "then reduce the heat to low", "cover", "and simmer for 20 minutes. Remove the"], "Step 2": [",", ",", "", "and", ". Reduce the heat to low and cook for 3 minutes.", "in the", ",", ",", ","]}, "Vegetable Stacks With Tomato–Red Pepper Coulis": {"Step 1": [], "Step 2": ["Line two large", "with", "or", ". Arrange the", " in a single layer on one of the prepared", ". Bake the", "until soft", "turning once", "about 15 minutes. Remove the", "from the oven and set aside to cool ; then remove the", "from the", "."], "Step 3": ["Meanwhile", "on the second prepared", "sheet", "arrange the", "in a single layer and bake for 7 to 8 minutes. Turn over the", "on the same", "are tender", "about 15 minutes longer. Set aside to cool."], "Step 4": [",", "has been removed."], "Step 5": [], "Step 6": ["in stacks : To begin", "leave the four", ",", "", "then a", ". Cover the", "are hot", "about 20 minutes."], "Step 7": ["While the", "are cooking", "make the", ": In a skillet", "heat 3 tablespoons of", "( 45 ml ) over medium heat and add the minced", ". Cover and cook for 4 minutes", "or until soft.", "in the", "", "roasted", ",", ",", ",", ",", "", "and", "to taste. Cover and cook until the", "are very soft", "about 5 minutes longer. Transfer to a food processor and purée the", "until smooth. Keep warm over low heat until ready to use."], "Step 8": ["to carefully remove them from the", "and"], "Step 9": ["so they are approximately the same size. Reserve the remaining pieces of the", "for another use"]}, "Chickpea & Vegetable Tagine": {"Step 1": ["in a large", ",", "", "and"], "Step 2": [",", ",", ",", ",", ",", ","], "Step 3": [",", ",", "", "and"], "Step 4": [",", "and cook 5 minutes longer. Taste to adjust the"]}, "Balsamic Date Glaze": {"Step 1": ["for about 10 minutes. In a blender", "combine the", "and their", "with the"], "Step 2": ["to a small"]}, "Stuffed Sweet Potatoes with Balsamic Date Glaze": {"Step 1": ["on a", "or", "with a", "in two or three places and bake until tender", "about 1 hour."], "Step 2": ["When the", "are done baking", "transfer them to a work surface and allow to cool slightly. Cut each", "in half lengthwise and scoop out the insides of the", "into a bowl", "leaving about ¼ inch of", "attached to the", ". Add the", "and", "and mix well. Spoon the", "into each half and return the", "", "drizzle with", "", "add a few", "to taste", "and serve hot."]}, "Smoky Black-Eyed Peas & Collards": {"Step 1": ["in a pot of", "; then coarsely chop the", "and set aside."], "Step 2": ["Heat the reserved", "in a large skillet over medium heat. Add the", ",", ",", ",", "are soft", "about 4 minutes."], "Step 3": [",", ",", ",", "", "and"]}, "Healthy Hot Sauce": {"Step 1": ["In a", "", "combine the", ",", ",", "of", "over high heat. Cook", "stirring", "for 2 to 3 minutes. Lower the heat to medium - high", "add 1 3⁄4", "of", "and continue to cook", "stirring occasionally", "for 15 to 20 minutes", "or until the"], "Step 2": ["Remove from the heat and let the", "come to room temperature. Transfer the", "to a food processor and process until very smooth. Add 1⁄2 cup of the", "and process to blend. Taste the", "and add more of the", "", "if desired", "to taste. Transfer the"], "Step 3": [], "Step 4": []}, "Super Salad With Garlic Caesar Dressing & Hemp Hearts": {"Step 1": ["", "and", "."]}, "Morning Grain Bowls": {"Step 1": ["In a microwave - safe bowl", "combine the", ",", ",", ",", ",", "", "and", "( if using ). Mix well. Microwave for 2 to 3 minutes", "or until warm but not too hot. Divide the", "and one - quarter of the", "", "if desired."]}, "Edamame Guacamole": {"Step 1": ["in a", "until tender", "10 to 12 minutes. Drain and set aside to cool. In a food processor", "combine the", ",", ",", "", "and", "", "and process until smooth. Transfer to a bowl and fold in the", ",", ",", "", "and", "for", "."]}, "Berry Chocolate Chia Pudding": {"Step 1": ["and place it in a high - speed blender or food processor. Add the", ",", ",", ",", "", "and", "until they ’ re evenly distributed."], "Step 2": ["among four small"]}, "Strawberry-Banana Nice Cream": {"Step 1": ["the", "and", "in a food processor and blend until smooth and creamy. Add the", "and", "and", "to mix well", "leaving a few solid bits of", "throughout. Transfer the", "to an airtight container and freeze for 30 minutes for a soft texture or for 1 to 2 hours for a firmer texture. If the nice", "becomes too hard to scoop", "let it stand at room temperature for 10 to 15 minutes before serving."], "Step 2": []}, "Black Bean Burgers": {"Step 1": [], "Step 2": ["Pulse the", ",", "", "and", ",", ",", ",", "", "and", "and", "until well combined. Add the remaining"], "Step 3": ["between your thumb and index finger to test whether it holds together. If the", "is too wet", "add more", ". If the", "is too dry", "add a little", "", "1 tablespoon at a time. Transfer the"], "Step 4": ["Line a"]}, "V-12 Vegetable Blast": {"Step 1": ["and", "."], "Step 2": []}, "Almond Milk": {"Step 1": ["in a high - speed blender and blend until smooth. Transfer the"]}, "Savory Spice Blend": {"Step 1": ["in a"]}, "Nutty Parm": {"Step 1": ["."]}, "Roasted Vegetable Lasagna": {"Step 1": ["Preheat the", "to 425ºF. Line two large", "or", ". Arrange the", "on one of the prepared", "over the", "and", "are tender", "about20 minutes", "turning once about halfway through."], "Step 2": [], "Step 3": [], "Step 4": ["to a food processor and pulse until it is finely chopped. Place the", "in a large bowl and add the remaining", "", "except the", "and", ". Mix well."], "Step 5": ["To assemble", "spread a layer of", "on the bottom of a 9 × 13 - inch baking dish. Top the", "with a layer of", ". Cover the", "with half of the roasted", "", "topped with half of the", "", "topped with more", ". Once again cover the", "with roasted", "", "and then the", ". Repeat this layering process", "ending with a layer of", "topped with", "on top. Cover andbake for 30 to 40 minutes", "or until hot and bubbling. Remove from the oven and let stand for10 minutesbefore cutting and serving."]}}
